Year,Crime Rate
2016,1680.596742
2017,1557.990834
2018,1407.266914
2019,1311.992673
2020,5288.666218
